session_id,dataset_id,legacy_dataset_name,building,capture_date,raw_path,processed_path,oneformer_batch_id,quality_tier,label_status,split,published_dataset_version,checkpoint_usage,notes
session_2026-04-28_17-40-12,ds_datanoah_2026-04-28,dataNoah,unknown,2026-04-28,gs://miamioh-resa-data/CapstoneData/raw/sessions/ds_datanoah_2026-04-28/session_2026-04-28_17-40-12/,,,silver,raw,none,,,Uploaded from external drive D:\3branch\dataNoah\Processing on 2026-08-29.
session_2026-04-28_17-40-53,ds_datanoah_2026-04-28,dataNoah,unknown,2026-04-28,gs://miamioh-resa-data/CapstoneData/raw/sessions/ds_datanoah_2026-04-28/session_2026-04-28_17-40-53/,,,silver,raw,none,,,Uploaded from external drive D:\3branch\dataNoah\Processing on 2026-08-29.
session_2026-04-28_17-42-24,ds_datanoah_2026-04-28,dataNoah,unknown,2026-04-28,gs://miamioh-resa-data/CapstoneData/raw/sessions/ds_datanoah_2026-04-28/session_2026-04-28_17-42-24/,,,silver,raw,none,,,Uploaded from external drive D:\3branch\dataNoah\Processing on 2026-08-29.
session_2026-04-28_17-43-17,ds_datanoah_2026-04-28,dataNoah,unknown,2026-04-28,gs://miamioh-resa-data/CapstoneData/raw/sessions/ds_datanoah_2026-04-28/session_2026-04-28_17-43-17/,,,silver,raw,none,,,Uploaded from external drive D:\3branch\dataNoah\Processing on 2026-08-29.
session_2026-04-28_17-44-37,ds_datanoah_2026-04-28,dataNoah,unknown,2026-04-28,gs://miamioh-resa-data/CapstoneData/raw/sessions/ds_datanoah_2026-04-28/session_2026-04-28_17-44-37/,,,silver,raw,none,,,Uploaded from external drive D:\3branch\dataNoah\Processing on 2026-08-29.
session_2026-04-28_17-46-06,ds_datanoah_2026-04-28,dataNoah,unknown,2026-04-28,gs://miamioh-resa-data/CapstoneData/raw/sessions/ds_datanoah_2026-04-28/session_2026-04-28_17-46-06/,,,silver,raw,none,,,Uploaded from external drive D:\3branch\dataNoah\Processing on 2026-08-29.
session_2026-04-28_17-47-16,ds_datanoah_2026-04-28,dataNoah,unknown,2026-04-28,gs://miamioh-resa-data/CapstoneData/raw/sessions/ds_datanoah_2026-04-28/session_2026-04-28_17-47-16/,,,silver,raw,none,,,Uploaded from external drive D:\3branch\dataNoah\Processing on 2026-08-29.
session_2026-04-28_17-48-34,ds_datanoah_2026-04-28,dataNoah,unknown,2026-04-28,gs://miamioh-resa-data/CapstoneData/raw/sessions/ds_datanoah_2026-04-28/session_2026-04-28_17-48-34/,,,silver,raw,none,,,Uploaded from external drive D:\3branch\dataNoah\Processing on 2026-08-29.
session_2026-04-28_17-51-06,ds_datanoah_2026-04-28,dataNoah,unknown,2026-04-28,gs://miamioh-resa-data/CapstoneData/raw/sessions/ds_datanoah_2026-04-28/session_2026-04-28_17-51-06/,,,silver,raw,none,,,Uploaded from external drive D:\3branch\dataNoah\Processing on 2026-08-29.
session_2026-04-28_17-52-11,ds_datanoah_2026-04-28,dataNoah,unknown,2026-04-28,gs://miamioh-resa-data/CapstoneData/raw/sessions/ds_datanoah_2026-04-28/session_2026-04-28_17-52-11/,,,silver,raw,none,,,Uploaded from external drive D:\3branch\dataNoah\Processing on 2026-08-29.
session_2026-04-28_17-52-58,ds_datanoah_2026-04-28,dataNoah,unknown,2026-04-28,gs://miamioh-resa-data/CapstoneData/raw/sessions/ds_datanoah_2026-04-28/session_2026-04-28_17-52-58/,,,silver,raw,none,,,Uploaded from external drive D:\3branch\dataNoah\Processing on 2026-08-29.
session_2026-04-28_17-53-50,ds_datanoah_2026-04-28,dataNoah,unknown,2026-04-28,gs://miamioh-resa-data/CapstoneData/raw/sessions/ds_datanoah_2026-04-28/session_2026-04-28_17-53-50/,,,silver,raw,none,,,Uploaded from external drive D:\3branch\dataNoah\Processing on 2026-08-29.
session_2026-04-28_17-55-13,ds_datanoah_2026-04-28,dataNoah,unknown,2026-04-28,gs://miamioh-resa-data/CapstoneData/raw/sessions/ds_datanoah_2026-04-28/session_2026-04-28_17-55-13/,,,silver,raw,none,,,Uploaded from external drive D:\3branch\dataNoah\Processing on 2026-08-29.
session_2026-04-28_18-09-17,ds_datanoah_2026-04-28,dataNoah,unknown,2026-04-28,gs://miamioh-resa-data/CapstoneData/raw/sessions/ds_datanoah_2026-04-28/session_2026-04-28_18-09-17/,,,silver,raw,none,,,Uploaded from external drive D:\3branch\dataNoah\Processing on 2026-08-29.
session_2026-04-28_18-13-25,ds_datanoah_2026-04-28,dataNoah,unknown,2026-04-28,gs://miamioh-resa-data/CapstoneData/raw/sessions/ds_datanoah_2026-04-28/session_2026-04-28_18-13-25/,,,silver,raw,none,,,Uploaded from external drive D:\3branch\dataNoah\Processing on 2026-08-29.
session_2026-04-28_18-17-41,ds_datanoah_2026-04-28,dataNoah,unknown,2026-04-28,gs://miamioh-resa-data/CapstoneData/raw/sessions/ds_datanoah_2026-04-28/session_2026-04-28_18-17-41/,,,silver,raw,none,,,Uploaded from external drive D:\3branch\dataNoah\Processing on 2026-08-29.
session_2026-04-28_18-18-51,ds_datanoah_2026-04-28,dataNoah,unknown,2026-04-28,gs://miamioh-resa-data/CapstoneData/raw/sessions/ds_datanoah_2026-04-28/session_2026-04-28_18-18-51/,,,silver,raw,none,,,Uploaded from external drive D:\3branch\dataNoah\Processing on 2026-08-29.
session_2026-04-28_18-25-58,ds_datanoah_2026-04-28,dataNoah,unknown,2026-04-28,gs://miamioh-resa-data/CapstoneData/raw/sessions/ds_datanoah_2026-04-28/session_2026-04-28_18-25-58/,,,silver,raw,none,,,Uploaded from external drive D:\3branch\dataNoah\Processing on 2026-08-29.
session_2026-04-28_18-27-05,ds_datanoah_2026-04-28,dataNoah,unknown,2026-04-28,gs://miamioh-resa-data/CapstoneData/raw/sessions/ds_datanoah_2026-04-28/session_2026-04-28_18-27-05/,,,silver,raw,none,,,Uploaded from external drive D:\3branch\dataNoah\Processing on 2026-08-29.
session_2026-04-28_18-28-45,ds_datanoah_2026-04-28,dataNoah,unknown,2026-04-28,gs://miamioh-resa-data/CapstoneData/raw/sessions/ds_datanoah_2026-04-28/session_2026-04-28_18-28-45/,,,silver,raw,none,,,Uploaded from external drive D:\3branch\dataNoah\Processing on 2026-08-29.
session_2026-04-28_18-32-20,ds_datanoah_2026-04-28,dataNoah,unknown,2026-04-28,gs://miamioh-resa-data/CapstoneData/raw/sessions/ds_datanoah_2026-04-28/session_2026-04-28_18-32-20/,,,silver,raw,none,,,Uploaded from external drive D:\3branch\dataNoah\Processing on 2026-08-29.
session_2026-04-28_18-34-54,ds_datanoah_2026-04-28,dataNoah,unknown,2026-04-28,gs://miamioh-resa-data/CapstoneData/raw/sessions/ds_datanoah_2026-04-28/session_2026-04-28_18-34-54/,,,silver,raw,none,,,Uploaded from external drive D:\3branch\dataNoah\Processing on 2026-08-29.
session_2026-04-28_22-16-05,ds_datanoah_2026-04-28,dataNoah,unknown,2026-04-28,gs://miamioh-resa-data/CapstoneData/raw/sessions/ds_datanoah_2026-04-28/session_2026-04-28_22-16-05/,,,silver,raw,none,,,Uploaded from external drive D:\3branch\dataNoah\Processing on 2026-08-29.
session_2026-04-28_22-17-47,ds_datanoah_2026-04-28,dataNoah,unknown,2026-04-28,gs://miamioh-resa-data/CapstoneData/raw/sessions/ds_datanoah_2026-04-28/session_2026-04-28_22-17-47/,,,silver,raw,none,,,Uploaded from external drive D:\3branch\dataNoah\Processing on 2026-08-29.
session_2026-04-28_22-19-07,ds_datanoah_2026-04-28,dataNoah,unknown,2026-04-28,gs://miamioh-resa-data/CapstoneData/raw/sessions/ds_datanoah_2026-04-28/session_2026-04-28_22-19-07/,,,silver,raw,none,,,Uploaded from external drive D:\3branch\dataNoah\Processing on 2026-08-29.
session_2026-04-28_22-21-22,ds_datanoah_2026-04-28,dataNoah,unknown,2026-04-28,gs://miamioh-resa-data/CapstoneData/raw/sessions/ds_datanoah_2026-04-28/session_2026-04-28_22-21-22/,,,silver,raw,none,,,Uploaded from external drive D:\3branch\dataNoah\Processing on 2026-08-29.
session_2026-04-28_22-23-01,ds_datanoah_2026-04-28,dataNoah,unknown,2026-04-28,gs://miamioh-resa-data/CapstoneData/raw/sessions/ds_datanoah_2026-04-28/session_2026-04-28_22-23-01/,,,silver,raw,none,,,Uploaded from external drive D:\3branch\dataNoah\Processing on 2026-08-29.
session_2026-04-28_22-28-29,ds_datanoah_2026-04-28,dataNoah,unknown,2026-04-28,gs://miamioh-resa-data/CapstoneData/raw/sessions/ds_datanoah_2026-04-28/session_2026-04-28_22-28-29/,,,silver,raw,none,,,Uploaded from external drive D:\3branch\dataNoah\Processing on 2026-08-29.
session_2026-04-28_22-29-44,ds_datanoah_2026-04-28,dataNoah,unknown,2026-04-28,gs://miamioh-resa-data/CapstoneData/raw/sessions/ds_datanoah_2026-04-28/session_2026-04-28_22-29-44/,,,silver,raw,none,,,Uploaded from external drive D:\3branch\dataNoah\Processing on 2026-08-29.
session_2026-04-28_22-31-41,ds_datanoah_2026-04-28,dataNoah,unknown,2026-04-28,gs://miamioh-resa-data/CapstoneData/raw/sessions/ds_datanoah_2026-04-28/session_2026-04-28_22-31-41/,,,silver,raw,none,,,Uploaded from external drive D:\3branch\dataNoah\Processing on 2026-08-29.
session_2026-04-28_22-33-34,ds_datanoah_2026-04-28,dataNoah,unknown,2026-04-28,gs://miamioh-resa-data/CapstoneData/raw/sessions/ds_datanoah_2026-04-28/session_2026-04-28_22-33-34/,,,silver,raw,none,,,Uploaded from external drive D:\3branch\dataNoah\Processing on 2026-08-29.
session_2026-04-28_22-36-19,ds_datanoah_2026-04-28,dataNoah,unknown,2026-04-28,gs://miamioh-resa-data/CapstoneData/raw/sessions/ds_datanoah_2026-04-28/session_2026-04-28_22-36-19/,,,silver,raw,none,,,Uploaded from external drive D:\3branch\dataNoah\Processing on 2026-08-29.
session_2026-04-28_22-37-54,ds_datanoah_2026-04-28,dataNoah,unknown,2026-04-28,gs://miamioh-resa-data/CapstoneData/raw/sessions/ds_datanoah_2026-04-28/session_2026-04-28_22-37-54/,,,silver,raw,none,,,Uploaded from external drive D:\3branch\dataNoah\Processing on 2026-08-29.
session_2026-04-28_22-41-16,ds_datanoah_2026-04-28,dataNoah,unknown,2026-04-28,gs://miamioh-resa-data/CapstoneData/raw/sessions/ds_datanoah_2026-04-28/session_2026-04-28_22-41-16/,,,silver,raw,none,,,Uploaded from external drive D:\3branch\dataNoah\Processing on 2026-08-29.
session_2026-04-28_22-43-29,ds_datanoah_2026-04-28,dataNoah,unknown,2026-04-28,gs://miamioh-resa-data/CapstoneData/raw/sessions/ds_datanoah_2026-04-28/session_2026-04-28_22-43-29/,,,silver,raw,none,,,Uploaded from external drive D:\3branch\dataNoah\Processing on 2026-08-29.
session_2026-04-28_22-44-17,ds_datanoah_2026-04-28,dataNoah,unknown,2026-04-28,gs://miamioh-resa-data/CapstoneData/raw/sessions/ds_datanoah_2026-04-28/session_2026-04-28_22-44-17/,,,silver,raw,none,,,Uploaded from external drive D:\3branch\dataNoah\Processing on 2026-08-29.
session_2026-04-28_22-46-29,ds_datanoah_2026-04-28,dataNoah,unknown,2026-04-28,gs://miamioh-resa-data/CapstoneData/raw/sessions/ds_datanoah_2026-04-28/session_2026-04-28_22-46-29/,,,silver,raw,none,,,Uploaded from external drive D:\3branch\dataNoah\Processing on 2026-08-29.
session_2026-04-28_22-48-17,ds_datanoah_2026-04-28,dataNoah,unknown,2026-04-28,gs://miamioh-resa-data/CapstoneData/raw/sessions/ds_datanoah_2026-04-28/session_2026-04-28_22-48-17/,,,silver,raw,none,,,Uploaded from external drive D:\3branch\dataNoah\Processing on 2026-08-29.
session_2026-04-28_22-50-00,ds_datanoah_2026-04-28,dataNoah,unknown,2026-04-28,gs://miamioh-resa-data/CapstoneData/raw/sessions/ds_datanoah_2026-04-28/session_2026-04-28_22-50-00/,,,silver,raw,none,,,Uploaded from external drive D:\3branch\dataNoah\Processing on 2026-08-29.
session_2026-04-28_22-51-46,ds_datanoah_2026-04-28,dataNoah,unknown,2026-04-28,gs://miamioh-resa-data/CapstoneData/raw/sessions/ds_datanoah_2026-04-28/session_2026-04-28_22-51-46/,,,silver,raw,none,,,Uploaded from external drive D:\3branch\dataNoah\Processing on 2026-08-29.
session_2026-04-28_22-53-56,ds_datanoah_2026-04-28,dataNoah,unknown,2026-04-28,gs://miamioh-resa-data/CapstoneData/raw/sessions/ds_datanoah_2026-04-28/session_2026-04-28_22-53-56/,,,silver,raw,none,,,Uploaded from external drive D:\3branch\dataNoah\Processing on 2026-08-29.
session_2026-04-28_22-55-49,ds_datanoah_2026-04-28,dataNoah,unknown,2026-04-28,gs://miamioh-resa-data/CapstoneData/raw/sessions/ds_datanoah_2026-04-28/session_2026-04-28_22-55-49/,,,silver,raw,none,,,Uploaded from external drive D:\3branch\dataNoah\Processing on 2026-08-29.
session_2026-04-28_23-01-19,ds_datanoah_2026-04-28,dataNoah,unknown,2026-04-28,gs://miamioh-resa-data/CapstoneData/raw/sessions/ds_datanoah_2026-04-28/session_2026-04-28_23-01-19/,,,silver,raw,none,,,Uploaded from external drive D:\3branch\dataNoah\Processing on 2026-08-29.
session_2026-05-11_17-38-31,ds_datanoah_2026-04-28,dataNoah,unknown,2026-05-11,gs://miamioh-resa-data/CapstoneData/raw/sessions/ds_datanoah_2026-04-28/session_2026-05-11_17-38-31/,,,silver,raw,none,,,Uploaded from external drive D:\3branch\dataNoah\Processing on 2026-08-29.
session_2026-05-11_17-38-53,ds_datanoah_2026-04-28,dataNoah,unknown,2026-05-11,gs://miamioh-resa-data/CapstoneData/raw/sessions/ds_datanoah_2026-04-28/session_2026-05-11_17-38-53/,,,silver,raw,none,,,Uploaded from external drive D:\3branch\dataNoah\Processing on 2026-08-29.
session_2026-05-11_18-31-04,ds_datanoah_2026-04-28,dataNoah,unknown,2026-05-11,gs://miamioh-resa-data/CapstoneData/raw/sessions/ds_datanoah_2026-04-28/session_2026-05-11_18-31-04/,,,silver,raw,none,,,Uploaded from external drive D:\3branch\dataNoah\Processing on 2026-08-29.
session_2026-05-11_18-34-08,ds_datanoah_2026-04-28,dataNoah,unknown,2026-05-11,gs://miamioh-resa-data/CapstoneData/raw/sessions/ds_datanoah_2026-04-28/session_2026-05-11_18-34-08/,,,silver,raw,none,,,Uploaded from external drive D:\3branch\dataNoah\Processing on 2026-08-29.
session_2026-05-11_18-34-24,ds_datanoah_2026-04-28,dataNoah,unknown,2026-05-11,gs://miamioh-resa-data/CapstoneData/raw/sessions/ds_datanoah_2026-04-28/session_2026-05-11_18-34-24/,,,silver,raw,none,,,Uploaded from external drive D:\3branch\dataNoah\Processing on 2026-08-29.
session_2026-05-11_18-34-42,ds_datanoah_2026-04-28,dataNoah,unknown,2026-05-11,gs://miamioh-resa-data/CapstoneData/raw/sessions/ds_datanoah_2026-04-28/session_2026-05-11_18-34-42/,,,silver,raw,none,,,Uploaded from external drive D:\3branch\dataNoah\Processing on 2026-08-29.
session_2026-05-11_18-35-03,ds_datanoah_2026-04-28,dataNoah,unknown,2026-05-11,gs://miamioh-resa-data/CapstoneData/raw/sessions/ds_datanoah_2026-04-28/session_2026-05-11_18-35-03/,,,silver,raw,none,,,Uploaded from external drive D:\3branch\dataNoah\Processing on 2026-08-29.
session_2026-05-11_18-35-23,ds_datanoah_2026-04-28,dataNoah,unknown,2026-05-11,gs://miamioh-resa-data/CapstoneData/raw/sessions/ds_datanoah_2026-04-28/session_2026-05-11_18-35-23/,,,silver,raw,none,,,Uploaded from external drive D:\3branch\dataNoah\Processing on 2026-08-29.
session_2026-05-11_18-35-40,ds_datanoah_2026-04-28,dataNoah,unknown,2026-05-11,gs://miamioh-resa-data/CapstoneData/raw/sessions/ds_datanoah_2026-04-28/session_2026-05-11_18-35-40/,,,silver,raw,none,,,Uploaded from external drive D:\3branch\dataNoah\Processing on 2026-08-29.
session_2026-05-11_18-35-57,ds_datanoah_2026-04-28,dataNoah,unknown,2026-05-11,gs://miamioh-resa-data/CapstoneData/raw/sessions/ds_datanoah_2026-04-28/session_2026-05-11_18-35-57/,,,silver,raw,none,,,Uploaded from external drive D:\3branch\dataNoah\Processing on 2026-08-29.
session_2026-05-11_18-36-16,ds_datanoah_2026-04-28,dataNoah,unknown,2026-05-11,gs://miamioh-resa-data/CapstoneData/raw/sessions/ds_datanoah_2026-04-28/session_2026-05-11_18-36-16/,,,silver,raw,none,,,Uploaded from external drive D:\3branch\dataNoah\Processing on 2026-08-29.
session_2026-05-11_18-42-43,ds_datanoah_2026-04-28,dataNoah,unknown,2026-05-11,gs://miamioh-resa-data/CapstoneData/raw/sessions/ds_datanoah_2026-04-28/session_2026-05-11_18-42-43/,,,silver,raw,none,,,Uploaded from external drive D:\3branch\dataNoah\Processing on 2026-08-29.
session_2026-05-11_18-43-00,ds_datanoah_2026-04-28,dataNoah,unknown,2026-05-11,gs://miamioh-resa-data/CapstoneData/raw/sessions/ds_datanoah_2026-04-28/session_2026-05-11_18-43-00/,,,silver,raw,none,,,Uploaded from external drive D:\3branch\dataNoah\Processing on 2026-08-29.
session_2026-05-11_18-43-16,ds_datanoah_2026-04-28,dataNoah,unknown,2026-05-11,gs://miamioh-resa-data/CapstoneData/raw/sessions/ds_datanoah_2026-04-28/session_2026-05-11_18-43-16/,,,silver,raw,none,,,Uploaded from external drive D:\3branch\dataNoah\Processing on 2026-08-29.
session_2026-05-11_18-43-33,ds_datanoah_2026-04-28,dataNoah,unknown,2026-05-11,gs://miamioh-resa-data/CapstoneData/raw/sessions/ds_datanoah_2026-04-28/session_2026-05-11_18-43-33/,,,silver,raw,none,,,Uploaded from external drive D:\3branch\dataNoah\Processing on 2026-08-29.
session_2026-05-11_18-43-57,ds_datanoah_2026-04-28,dataNoah,unknown,2026-05-11,gs://miamioh-resa-data/CapstoneData/raw/sessions/ds_datanoah_2026-04-28/session_2026-05-11_18-43-57/,,,silver,raw,none,,,Uploaded from external drive D:\3branch\dataNoah\Processing on 2026-08-29.
session_2026-05-11_18-44-13,ds_datanoah_2026-04-28,dataNoah,unknown,2026-05-11,gs://miamioh-resa-data/CapstoneData/raw/sessions/ds_datanoah_2026-04-28/session_2026-05-11_18-44-13/,,,silver,raw,none,,,Uploaded from external drive D:\3branch\dataNoah\Processing on 2026-08-29.
session_2026-05-11_18-44-31,ds_datanoah_2026-04-28,dataNoah,unknown,2026-05-11,gs://miamioh-resa-data/CapstoneData/raw/sessions/ds_datanoah_2026-04-28/session_2026-05-11_18-44-31/,,,silver,raw,none,,,Uploaded from external drive D:\3branch\dataNoah\Processing on 2026-08-29.
session_2026-05-11_18-44-48,ds_datanoah_2026-04-28,dataNoah,unknown,2026-05-11,gs://miamioh-resa-data/CapstoneData/raw/sessions/ds_datanoah_2026-04-28/session_2026-05-11_18-44-48/,,,silver,raw,none,,,Uploaded from external drive D:\3branch\dataNoah\Processing on 2026-08-29.
session_2026-05-11_18-57-24,ds_datanoah_2026-04-28,dataNoah,unknown,2026-05-11,gs://miamioh-resa-data/CapstoneData/raw/sessions/ds_datanoah_2026-04-28/session_2026-05-11_18-57-24/,,,silver,raw,none,,,Uploaded from external drive D:\3branch\dataNoah\Processing on 2026-08-29.
session_2026-05-11_18-57-40,ds_datanoah_2026-04-28,dataNoah,unknown,2026-05-11,gs://miamioh-resa-data/CapstoneData/raw/sessions/ds_datanoah_2026-04-28/session_2026-05-11_18-57-40/,,,silver,raw,none,,,Uploaded from external drive D:\3branch\dataNoah\Processing on 2026-08-29.
session_2026-05-11_18-57-57,ds_datanoah_2026-04-28,dataNoah,unknown,2026-05-11,gs://miamioh-resa-data/CapstoneData/raw/sessions/ds_datanoah_2026-04-28/session_2026-05-11_18-57-57/,,,silver,raw,none,,,Uploaded from external drive D:\3branch\dataNoah\Processing on 2026-08-29.
session_2026-05-11_18-58-13,ds_datanoah_2026-04-28,dataNoah,unknown,2026-05-11,gs://miamioh-resa-data/CapstoneData/raw/sessions/ds_datanoah_2026-04-28/session_2026-05-11_18-58-13/,,,silver,raw,none,,,Uploaded from external drive D:\3branch\dataNoah\Processing on 2026-08-29.
session_2026-05-11_18-58-31,ds_datanoah_2026-04-28,dataNoah,unknown,2026-05-11,gs://miamioh-resa-data/CapstoneData/raw/sessions/ds_datanoah_2026-04-28/session_2026-05-11_18-58-31/,,,silver,raw,none,,,Uploaded from external drive D:\3branch\dataNoah\Processing on 2026-08-29.
session_2026-05-11_18-58-49,ds_datanoah_2026-04-28,dataNoah,unknown,2026-05-11,gs://miamioh-resa-data/CapstoneData/raw/sessions/ds_datanoah_2026-04-28/session_2026-05-11_18-58-49/,,,silver,raw,none,,,Uploaded from external drive D:\3branch\dataNoah\Processing on 2026-08-29.
session_2026-05-11_18-59-08,ds_datanoah_2026-04-28,dataNoah,unknown,2026-05-11,gs://miamioh-resa-data/CapstoneData/raw/sessions/ds_datanoah_2026-04-28/session_2026-05-11_18-59-08/,,,silver,raw,none,,,Uploaded from external drive D:\3branch\dataNoah\Processing on 2026-08-29.
session_2026-05-11_18-59-25,ds_datanoah_2026-04-28,dataNoah,unknown,2026-05-11,gs://miamioh-resa-data/CapstoneData/raw/sessions/ds_datanoah_2026-04-28/session_2026-05-11_18-59-25/,,,silver,raw,none,,,Uploaded from external drive D:\3branch\dataNoah\Processing on 2026-08-29.
session_2026-05-11_19-02-54,ds_datanoah_2026-04-28,dataNoah,unknown,2026-05-11,gs://miamioh-resa-data/CapstoneData/raw/sessions/ds_datanoah_2026-04-28/session_2026-05-11_19-02-54/,,,silver,raw,none,,,Uploaded from external drive D:\3branch\dataNoah\Processing on 2026-08-29.
session_2026-05-11_19-03-09,ds_datanoah_2026-04-28,dataNoah,unknown,2026-05-11,gs://miamioh-resa-data/CapstoneData/raw/sessions/ds_datanoah_2026-04-28/session_2026-05-11_19-03-09/,,,silver,raw,none,,,Uploaded from external drive D:\3branch\dataNoah\Processing on 2026-08-29.
session_2026-05-11_19-03-26,ds_datanoah_2026-04-28,dataNoah,unknown,2026-05-11,gs://miamioh-resa-data/CapstoneData/raw/sessions/ds_datanoah_2026-04-28/session_2026-05-11_19-03-26/,,,silver,raw,none,,,Uploaded from external drive D:\3branch\dataNoah\Processing on 2026-08-29.
session_2026-05-11_19-03-45,ds_datanoah_2026-04-28,dataNoah,unknown,2026-05-11,gs://miamioh-resa-data/CapstoneData/raw/sessions/ds_datanoah_2026-04-28/session_2026-05-11_19-03-45/,,,silver,raw,none,,,Uploaded from external drive D:\3branch\dataNoah\Processing on 2026-08-29.
session_2026-05-11_19-04-04,ds_datanoah_2026-04-28,dataNoah,unknown,2026-05-11,gs://miamioh-resa-data/CapstoneData/raw/sessions/ds_datanoah_2026-04-28/session_2026-05-11_19-04-04/,,,silver,raw,none,,,Uploaded from external drive D:\3branch\dataNoah\Processing on 2026-08-29.
session_2026-05-11_19-04-23,ds_datanoah_2026-04-28,dataNoah,unknown,2026-05-11,gs://miamioh-resa-data/CapstoneData/raw/sessions/ds_datanoah_2026-04-28/session_2026-05-11_19-04-23/,,,silver,raw,none,,,Uploaded from external drive D:\3branch\dataNoah\Processing on 2026-08-29.
session_2026-05-11_19-04-48,ds_datanoah_2026-04-28,dataNoah,unknown,2026-05-11,gs://miamioh-resa-data/CapstoneData/raw/sessions/ds_datanoah_2026-04-28/session_2026-05-11_19-04-48/,,,silver,raw,none,,,Uploaded from external drive D:\3branch\dataNoah\Processing on 2026-08-29.
session_2026-05-11_19-05-07,ds_datanoah_2026-04-28,dataNoah,unknown,2026-05-11,gs://miamioh-resa-data/CapstoneData/raw/sessions/ds_datanoah_2026-04-28/session_2026-05-11_19-05-07/,,,silver,raw,none,,,Uploaded from external drive D:\3branch\dataNoah\Processing on 2026-08-29.
session_2026-05-11_19-10-59,ds_datanoah_2026-04-28,dataNoah,unknown,2026-05-11,gs://miamioh-resa-data/CapstoneData/raw/sessions/ds_datanoah_2026-04-28/session_2026-05-11_19-10-59/,,,silver,raw,none,,,Uploaded from external drive D:\3branch\dataNoah\Processing on 2026-08-29.
session_2026-05-11_19-11-16,ds_datanoah_2026-04-28,dataNoah,unknown,2026-05-11,gs://miamioh-resa-data/CapstoneData/raw/sessions/ds_datanoah_2026-04-28/session_2026-05-11_19-11-16/,,,silver,raw,none,,,Uploaded from external drive D:\3branch\dataNoah\Processing on 2026-08-29.
session_2026-05-11_19-11-35,ds_datanoah_2026-04-28,dataNoah,unknown,2026-05-11,gs://miamioh-resa-data/CapstoneData/raw/sessions/ds_datanoah_2026-04-28/session_2026-05-11_19-11-35/,,,silver,raw,none,,,Uploaded from external drive D:\3branch\dataNoah\Processing on 2026-08-29.
session_2026-05-11_19-11-56,ds_datanoah_2026-04-28,dataNoah,unknown,2026-05-11,gs://miamioh-resa-data/CapstoneData/raw/sessions/ds_datanoah_2026-04-28/session_2026-05-11_19-11-56/,,,silver,raw,none,,,Uploaded from external drive D:\3branch\dataNoah\Processing on 2026-08-29.
session_2026-05-11_19-12-15,ds_datanoah_2026-04-28,dataNoah,unknown,2026-05-11,gs://miamioh-resa-data/CapstoneData/raw/sessions/ds_datanoah_2026-04-28/session_2026-05-11_19-12-15/,,,silver,raw,none,,,Uploaded from external drive D:\3branch\dataNoah\Processing on 2026-08-29.
session_2026-05-11_19-12-35,ds_datanoah_2026-04-28,dataNoah,unknown,2026-05-11,gs://miamioh-resa-data/CapstoneData/raw/sessions/ds_datanoah_2026-04-28/session_2026-05-11_19-12-35/,,,silver,raw,none,,,Uploaded from external drive D:\3branch\dataNoah\Processing on 2026-08-29.
session_2026-05-11_19-12-53,ds_datanoah_2026-04-28,dataNoah,unknown,2026-05-11,gs://miamioh-resa-data/CapstoneData/raw/sessions/ds_datanoah_2026-04-28/session_2026-05-11_19-12-53/,,,silver,raw,none,,,Uploaded from external drive D:\3branch\dataNoah\Processing on 2026-08-29.
session_2026-05-11_19-13-11,ds_datanoah_2026-04-28,dataNoah,unknown,2026-05-11,gs://miamioh-resa-data/CapstoneData/raw/sessions/ds_datanoah_2026-04-28/session_2026-05-11_19-13-11/,,,silver,raw,none,,,Uploaded from external drive D:\3branch\dataNoah\Processing on 2026-08-29.
session_2026-05-11_19-23-00,ds_datanoah_2026-04-28,dataNoah,unknown,2026-05-11,gs://miamioh-resa-data/CapstoneData/raw/sessions/ds_datanoah_2026-04-28/session_2026-05-11_19-23-00/,,,silver,raw,none,,,Uploaded from external drive D:\3branch\dataNoah\Processing on 2026-08-29.
session_2026-05-11_19-23-17,ds_datanoah_2026-04-28,dataNoah,unknown,2026-05-11,gs://miamioh-resa-data/CapstoneData/raw/sessions/ds_datanoah_2026-04-28/session_2026-05-11_19-23-17/,,,silver,raw,none,,,Uploaded from external drive D:\3branch\dataNoah\Processing on 2026-08-29.
session_2026-05-11_19-23-39,ds_datanoah_2026-04-28,dataNoah,unknown,2026-05-11,gs://miamioh-resa-data/CapstoneData/raw/sessions/ds_datanoah_2026-04-28/session_2026-05-11_19-23-39/,,,silver,raw,none,,,Uploaded from external drive D:\3branch\dataNoah\Processing on 2026-08-29.
session_2026-05-11_19-23-58,ds_datanoah_2026-04-28,dataNoah,unknown,2026-05-11,gs://miamioh-resa-data/CapstoneData/raw/sessions/ds_datanoah_2026-04-28/session_2026-05-11_19-23-58/,,,silver,raw,none,,,Uploaded from external drive D:\3branch\dataNoah\Processing on 2026-08-29.
session_2026-05-11_19-24-18,ds_datanoah_2026-04-28,dataNoah,unknown,2026-05-11,gs://miamioh-resa-data/CapstoneData/raw/sessions/ds_datanoah_2026-04-28/session_2026-05-11_19-24-18/,,,silver,raw,none,,,Uploaded from external drive D:\3branch\dataNoah\Processing on 2026-08-29.
session_2026-05-11_19-24-34,ds_datanoah_2026-04-28,dataNoah,unknown,2026-05-11,gs://miamioh-resa-data/CapstoneData/raw/sessions/ds_datanoah_2026-04-28/session_2026-05-11_19-24-34/,,,silver,raw,none,,,Uploaded from external drive D:\3branch\dataNoah\Processing on 2026-08-29.
session_2026-05-11_19-26-35,ds_datanoah_2026-04-28,dataNoah,unknown,2026-05-11,gs://miamioh-resa-data/CapstoneData/raw/sessions/ds_datanoah_2026-04-28/session_2026-05-11_19-26-35/,,,silver,raw,none,,,Uploaded from external drive D:\3branch\dataNoah\Processing on 2026-08-29.
