session,video_frame_index,radar_frame_num,radar_x,radar_y,radar_z,camera_x,camera_y,camera_z,radar_snr,gate_distance_m,tag_decision_margin
session_2026-08-27_20-18-44,1,12,0.0,7.29255,-0.11025,0.19137957393805038,-0.492210481644512,7.515829124604491,33.884,0.5762687572717519,23.11306381225586
session_2026-08-27_20-18-44,2,13,0.0,7.29253,-0.11181,0.18148024200225285,-0.4772420910871106,7.575191420153631,33.824,0.6257528702643289,31.041454315185547
session_2026-08-27_20-18-44,3,14,0.0,7.29256,-0.10995,0.18096054792671631,-0.47660110643581455,7.562583081066959,33.821,0.6197303385486198,34.01048278808594
session_2026-08-27_20-18-44,5,15,0.0,7.29255,-0.11033,0.18065668892523476,-0.47558369680289797,7.548034776397842,33.852,0.6113130548597496,40.95892333984375
session_2026-08-27_20-18-44,8,16,0.0,7.29251,-0.11342,0.18041516415450948,-0.4760826371533837,7.530979339971749,33.893,0.5987124530799464,44.963890075683594
session_2026-08-27_20-18-44,11,17,0.0,7.29255,-0.11067,0.17900231023296143,-0.47554833447244643,7.532059647658005,33.842,0.6023006396293461,46.211483001708984
session_2026-08-27_20-18-44,13,18,0.0,7.29254,-0.11129,0.17914623278233416,-0.47544370519376733,7.529619820043896,33.82,0.6004288329181268,47.04531478881836
session_2026-08-27_20-18-44,16,19,0.0,7.29255,-0.11064,0.17927016702092066,-0.47701824714043206,7.531514145499827,33.867,0.6009094152230529,48.044307708740234
session_2026-08-27_20-18-44,19,20,0.0,7.29253,-0.11208,0.1786773530844443,-0.4773294300166681,7.531872133306525,33.827,0.600184264593738,47.96076202392578
session_2026-08-27_20-18-44,22,21,0.0,7.29258,-0.10841,0.18035861117046423,-0.47494152407801016,7.535892322962718,33.823,0.6059279091480121,47.25967788696289
session_2026-08-27_20-18-44,25,22,0.0,7.2926,-0.10747,0.17934162760716094,-0.47544194128176887,7.52698094872906,33.834,0.6014949465105228,47.23115539550781
session_2026-08-27_20-18-44,28,23,0.0,7.29257,-0.10951,0.17916342879191685,-0.47667745026029923,7.53410204849102,33.812,0.6035067041874338,48.1260871887207
session_2026-08-27_20-18-44,31,24,0.0,7.29255,-0.11047,0.1795961168230576,-0.4785468570984743,7.52348987652297,33.834,0.5951648268960752,48.164432525634766
session_2026-08-27_20-18-44,34,25,0.0,7.29257,-0.10926,0.17925957182407753,-0.4753706630740337,7.525445875064429,33.822,0.5994185071627958,48.779266357421875
session_2026-08-27_20-18-44,37,26,0.0,7.29256,-0.10991,0.18016223204335352,-0.47499790526347013,7.535230185319527,33.846,0.6045305779876413,46.08393096923828
session_2026-08-27_20-18-44,40,27,0.0,7.29258,-0.1087,0.17897618452474137,-0.4778358975948763,7.523308754379759,33.823,0.5970734732279549,48.329681396484375
session_2026-08-27_20-18-44,43,28,0.0,7.29259,-0.10796,0.17910989118585086,-0.47634324122068344,7.528369624089555,33.878,0.6014721677120417,47.828338623046875
session_2026-08-27_20-18-44,47,29,0.0,7.29255,-0.11053,0.17838165469133288,-0.478304891333005,7.52606638218534,33.785,0.5973616934150466,48.54595947265625
session_2026-08-27_20-18-44,50,30,0.0,7.29258,-0.10862,0.1793905670762002,-0.47503898425184726,7.529601158365086,33.82,0.6024563100935846,49.191890716552734
session_2026-08-27_20-18-44,54,31,0.0,7.29259,-0.10767,0.1773361083817851,-0.47907082484235447,7.526760826834661,33.774,0.5997767409216509,47.613800048828125
session_2026-08-27_20-18-44,58,32,0.0,7.29254,-0.11147,0.17911001346215327,-0.4751401573296413,7.530199492531696,33.788,0.6008581087934131,47.81060028076172
session_2026-08-27_20-18-44,61,33,0.0,7.29253,-0.11206,0.17845650642060762,-0.4744482106011802,7.528957194275848,33.836,0.600476759895171,47.82049560546875
session_2026-08-27_20-18-44,64,34,0.0,7.29256,-0.10994,0.1738807395563364,-0.48340993441147767,7.498471078202187,33.784,0.5808595936482575,49.286903381347656
session_2026-08-27_20-18-44,67,35,0.0,7.29261,-0.10674,0.17998248322643548,-0.4750259101124849,7.530997410714627,33.862,0.6043382384218302,47.88473892211914
session_2026-08-27_20-18-44,70,36,0.0,7.29256,-0.11012,0.17950627101847097,-0.4743777243727339,7.52836599754571,33.806,0.6010527924198644,47.59162139892578
session_2026-08-27_20-18-44,73,37,0.0,7.29257,-0.10915,0.17972287341769905,-0.4759097130278969,7.528800735036073,33.783,0.6008820522672864,47.526859283447266
session_2026-08-27_20-18-44,76,38,0.0,7.29257,-0.10918,0.18044365971515736,-0.4750337668360464,7.526059809713912,33.809,0.5994995347646993,48.18405532836914
session_2026-08-27_20-18-44,79,39,0.0,7.29257,-0.10942,0.18036840493805065,-0.474407281847409,7.531712424089791,33.807,0.6030890723401188,48.162017822265625
session_2026-08-27_20-18-44,82,40,0.0,7.29261,-0.10661,0.17907910009324052,-0.47265777169469075,7.523533254001804,33.83,0.602086426888458,48.09990310668945
session_2026-08-27_20-18-44,85,41,0.0,7.2926,-0.10722,0.17952445129005218,-0.4747134274355619,7.5218292864743415,33.786,0.5990862476595826,48.71279525756836
session_2026-08-27_20-18-44,88,42,0.0,7.29259,-0.10763,0.17944754880188715,-0.4741930247355071,7.521750207391736,33.768,0.5991335944709306,49.564964294433594
session_2026-08-27_20-18-44,91,43,0.0,7.29255,-0.11042,0.17892799429431408,-0.47487061446281104,7.518024399477452,33.814,0.5947964114928358,48.53969192504883
session_2026-08-27_20-18-44,94,44,0.0,7.29258,-0.10875,0.17977388104806147,-0.47418868114689083,7.527831714389152,33.859,0.6017112657570952,49.44053268432617
session_2026-08-27_20-18-44,97,45,0.0,7.29255,-0.11031,0.17709030444726004,-0.4727659922554814,7.521311015543329,33.819,0.599039572210205,49.3539924621582
session_2026-08-27_20-18-44,100,46,0.0,7.2926,-0.10717,0.17175144670791065,-0.4687551339658964,7.51408528647017,33.852,0.6024168316366295,49.92443084716797
session_2026-08-27_20-18-44,103,47,0.0,7.29259,-0.10807,0.18223931338646945,-0.4680419283143213,7.521634357915543,33.813,0.6015688211656393,48.53835678100586
session_2026-08-27_20-18-44,106,48,0.0,7.2926,-0.10757,0.17959913178943926,-0.4744964012921929,7.521311166283168,33.8,0.5986452728359224,49.407859802246094
session_2026-08-27_20-18-44,110,49,0.0,7.29255,-0.11028,0.1796567297423286,-0.474690422101891,7.524698788799126,33.909,0.5985263248371689,49.952056884765625
session_2026-08-27_20-18-44,113,50,0.0,7.29257,-0.10936,0.17979842688298628,-0.47635239782023775,7.5275053670314875,33.82,0.5996455856425281,49.398284912109375
session_2026-08-27_20-18-44,116,51,0.0,7.29257,-0.10947,0.18030720056316407,-0.47545597761275543,7.529057059119327,33.844,0.6008292067410036,49.35721206665039
session_2026-08-27_20-18-44,119,52,0.0,7.29257,-0.10911,0.17900418548234656,-0.47612800977857334,7.530838478637405,33.857,0.6023007004062099,48.9527702331543
session_2026-08-27_20-18-44,122,53,0.0,7.29253,-0.11171,0.17930775818846797,-0.47383088739425727,7.532373680250593,33.798,0.6027401784658571,48.50634002685547
session_2026-08-27_20-18-44,125,54,0.0,7.29257,-0.10934,0.1799677763782772,-0.47605628742295775,7.530224259743566,33.811,0.6013705315198482,49.09110641479492
session_2026-08-27_20-18-44,128,55,0.0,7.29256,-0.11006,0.17956667881146998,-0.47786768368239696,7.52736962420886,33.816,0.5981813603400954,48.865806579589844
session_2026-08-27_20-18-44,131,56,0.0,7.29257,-0.10941,0.17984464230255326,-0.4741190323222185,7.5192711968838175,33.863,0.5962962619078513,50.617435455322266
session_2026-08-27_20-18-44,134,57,0.0,7.29255,-0.11028,0.18021224999029212,-0.47573044158774475,7.536521698371484,33.906,0.6045360101506836,48.83344650268555
session_2026-08-27_20-18-44,137,58,0.0,7.29256,-0.11003,0.17983140531888175,-0.47588726230451606,7.527913095349603,33.851,0.5997020174662718,49.565093994140625
session_2026-08-27_20-18-44,140,59,0.0,7.29258,-0.10873,0.1742156114347087,-0.4876285591672036,7.46265209173457,33.857,0.5596027753309347,49.301021575927734
session_2026-08-27_20-18-44,143,60,0.0,7.2926,-0.10725,0.1800164387781452,-0.47536558736230444,7.529725951421598,33.843,0.6029913079295759,48.92243576049805
session_2026-08-27_20-18-44,146,61,0.0,7.29259,-0.10807,0.17941154941483972,-0.4753652736231704,7.521535542597311,33.848,0.5979285653780716,48.496978759765625
session_2026-08-27_20-18-44,149,62,0.0,7.29257,-0.10926,0.1788092530717122,-0.47677007131634336,7.52980299733648,33.762,0.6012541986133908,47.70070266723633
session_2026-08-27_20-18-44,152,63,0.0,7.29258,-0.10876,0.17898817636636666,-0.47537491171001356,7.531918166066832,33.814,0.6036842963555411,47.29314422607422
session_2026-08-27_20-18-44,155,64,0.0,7.29256,-0.11021,0.1796840216033557,-0.47400790981377466,7.526637918292874,33.809,0.6001402774056249,47.771602630615234
session_2026-08-27_20-18-44,158,65,0.0,7.29258,-0.10846,0.1798053800947373,-0.47617343331007106,7.5370464286556125,33.883,0.6060265354921641,49.823368072509766
session_2026-08-27_20-18-44,161,66,0.0,7.29255,-0.11057,0.17970554126460822,-0.4745677701612178,7.52840367988911,33.827,0.6005386825040744,47.7896728515625
session_2026-08-27_20-18-44,164,67,0.0,7.29253,-0.11192,0.17969252680261832,-0.47490575182595657,7.526112700703375,33.809,0.5980271517112573,48.58811950683594
session_2026-08-27_20-18-44,167,68,0.0,7.29259,-0.10824,0.18290292894434412,-0.46733309519786465,7.51756883018103,33.88,0.5992922224588044,48.29899978637695
session_2026-08-27_20-18-44,170,69,0.0,7.29256,-0.10959,0.1790334721368942,-0.4756405413567674,7.528257567947517,33.84,0.6007562498460312,48.066837310791016
session_2026-08-27_20-18-44,173,70,0.0,7.2926,-0.10737,0.17982069955905222,-0.47462750342384546,7.528323349501794,33.855,0.6026653781632513,47.57857894897461
session_2026-08-27_20-18-44,176,71,0.0,7.29252,-0.1125,0.17954959947883065,-0.47475593294164514,7.53468122083187,33.805,0.6028280997538453,48.61393356323242
session_2026-08-27_20-18-44,179,72,0.0,7.29255,-0.11028,0.17939240449430427,-0.4751022591150898,7.5291135037218755,33.806,0.6009560874177596,48.469364166259766
session_2026-08-27_20-18-44,182,73,0.0,7.29255,-0.11038,0.17896649494575154,-0.47792381336897716,7.527157171157995,33.802,0.598080365920269,48.14426803588867
session_2026-08-27_20-18-44,185,74,0.0,7.2926,-0.10722,0.17947351208619217,-0.4743834888790177,7.528592111405589,33.802,0.6032542186521762,48.676361083984375
session_2026-08-27_20-18-44,185,75,0.0,7.29257,-0.10927,0.17947351208619217,-0.4743834888790177,7.528592111405589,33.826,0.6017998354546545,48.676361083984375
session_2026-08-27_20-18-44,191,76,0.0,7.29258,-0.10841,0.17922239816019442,-0.4762708762713732,7.521985935131358,33.856,0.5974360117666665,48.17146682739258
session_2026-08-27_20-18-44,194,77,0.0,7.29257,-0.1095,0.18185382846738604,-0.46819906008086926,7.5264111462944205,33.845,0.6033699155483785,47.631622314453125
session_2026-08-27_20-18-44,197,78,0.0,7.29255,-0.11059,0.1787599348402625,-0.474972874614267,7.523881217847504,33.792,0.5980661766778033,48.2823371887207
session_2026-08-27_20-18-44,200,79,0.0,7.29256,-0.10967,0.17112354120473755,-0.48315237082712814,7.480809291654479,33.798,0.5730300792410898,48.59223937988281
session_2026-08-27_20-18-44,203,80,0.0,7.29255,-0.11041,0.1711934382718701,-0.4851637680842608,7.4745177915119205,33.85,0.5677772273070749,47.523040771484375
session_2026-08-27_20-18-44,206,81,0.0,7.29258,-0.10845,0.1796236232825964,-0.4761614624091061,7.527444354767591,33.878,0.600464087717152,48.487831115722656
session_2026-08-27_20-18-44,209,82,0.0,7.29255,-0.11079,0.17986837934223723,-0.4738889812243661,7.526021899861389,33.827,0.5993626188176846,48.1159782409668
session_2026-08-27_20-18-44,212,83,0.0,7.29257,-0.10896,0.17603139420885713,-0.4692598093738465,7.5251200789514,33.821,0.6050312456304036,49.07341766357422
session_2026-08-27_20-18-44,215,84,0.0,7.29254,-0.11111,0.17234412102745333,-0.4785940888943057,7.512318564260577,33.854,0.591756056829212,46.834720611572266
session_2026-08-27_20-18-44,218,85,0.0,7.29256,-0.10959,0.17872811544524295,-0.47541560402398775,7.527698554411055,33.861,0.600721718447745,48.449974060058594
session_2026-08-27_20-18-44,221,86,0.0,7.29251,-0.11339,0.17880207477319504,-0.47504484854416285,7.5238917685849085,33.858,0.5960230273683339,48.24171447753906
session_2026-08-27_20-18-44,224,87,0.0,7.29254,-0.11149,0.17966022384759012,-0.4760367949457356,7.529296130825653,33.849,0.599463933579396,48.0428581237793
session_2026-08-27_20-18-44,227,88,0.0,7.29256,-0.11008,0.17940893502647284,-0.47825191145183676,7.527219475909971,33.835,0.597900698308212,48.29435348510742
session_2026-08-27_20-18-44,230,89,0.0,7.29256,-0.11004,0.18033626436233013,-0.47595990998433346,7.52643883340223,33.82,0.5985469626960014,48.28765106201172
session_2026-08-27_20-18-44,233,90,0.0,7.29257,-0.10903,0.1797544727249062,-0.4610417799004569,7.500612692398313,33.805,0.5950654458111193,48.12715530395508
session_2026-08-27_20-18-44,236,91,0.0,7.29259,-0.10763,0.17948707605488134,-0.4750599474796226,7.522390539654255,33.824,0.5989063147705305,47.892578125
session_2026-08-27_20-18-44,239,92,0.0,7.29254,-0.11149,0.17873109036170873,-0.47522499682650104,7.523647009802032,33.869,0.5971380112799156,47.09381866455078
session_2026-08-27_20-18-44,242,93,0.0,7.29254,-0.11121,0.17962980501505302,-0.4749403573760563,7.529453773651432,33.841,0.6004921049580693,47.7907600402832
session_2026-08-27_20-18-44,245,94,0.0,7.2926,-0.10741,0.1706723654051108,-0.48580625755010004,7.459371880789231,33.84,0.5619807646749033,47.844139099121094
session_2026-08-27_20-18-44,248,95,0.0,7.29254,-0.11112,0.17839829169606788,-0.4729092194736282,7.529273110478132,33.832,0.6023696180447509,48.714019775390625
session_2026-08-27_20-18-44,251,96,0.0,7.29254,-0.11129,0.17861371991188965,-0.47479485500955254,7.524104080891755,33.766,0.5978866809827622,47.59046936035156
session_2026-08-27_20-18-44,254,97,0.0,7.29254,-0.11104,0.1733848962690111,-0.4870518397163543,7.46593726412778,33.788,0.5604474932250986,48.015018463134766
session_2026-08-27_20-18-44,257,98,0.0,7.29255,-0.11069,0.1793794626914455,-0.4752730928265004,7.524845047381818,33.779,0.5980629323122272,48.54737854003906
session_2026-08-27_20-18-44,260,99,0.0,7.29254,-0.11143,0.17928219837605747,-0.4754477232733558,7.520869360785257,33.834,0.5951625658960847,48.061744689941406
session_2026-08-27_20-18-44,263,100,0.0,7.29252,-0.11264,0.17947257874202202,-0.474601597488281,7.518809087136583,33.849,0.5935875927915663,48.101661682128906
session_2026-08-27_20-18-44,266,101,0.0,7.29253,-0.11204,0.17958003481957488,-0.47599971734745566,7.526086856409244,33.836,0.597257735418644,46.6130485534668
session_2026-08-27_20-18-44,269,102,0.0,7.29253,-0.11189,0.18531752264467713,-0.4813576292261638,7.515854450050117,33.785,0.585152559993143,48.25389862060547
session_2026-08-27_20-18-44,272,103,0.0,7.29256,-0.10975,0.17963440963258023,-0.4754001166280067,7.52543561499509,33.838,0.5988701710142046,48.541709899902344
session_2026-08-27_20-18-44,275,104,0.0,7.29257,-0.10895,0.17897752342825715,-0.4750474239920207,7.526190439296413,33.781,0.600420950768303,47.792415618896484
session_2026-08-27_20-18-44,278,105,0.0,7.29256,-0.11018,0.17835698997176358,-0.47820018188750313,7.5199562983578145,33.805,0.5941361991991916,49.206512451171875
session_2026-08-27_20-18-44,281,106,0.0,7.29257,-0.10935,0.18334124830708612,-0.4624778470570063,7.50683918225116,33.81,0.5955703753035965,48.420814514160156
session_2026-08-27_20-18-44,284,107,0.0,7.29253,-0.1122,0.1802078006256822,-0.4755015976674829,7.530157619056024,33.748,0.599564357086831,48.15089416503906
session_2026-08-27_20-18-44,287,108,0.0,7.29256,-0.10982,0.1686925688599371,-0.4638231583193035,7.497178757959026,33.814,0.5960603621490012,47.76494598388672
session_2026-08-27_20-18-44,290,109,0.0,7.29255,-0.11037,0.17962770790550572,-0.47456999412713446,7.519686710046202,33.785,0.5956557520503029,48.162078857421875
session_2026-08-27_20-18-44,293,110,0.0,7.29253,-0.11181,0.1789802476356817,-0.476779187666448,7.5304401043547475,33.859,0.5997475888230971,47.560821533203125
session_2026-08-27_20-18-44,296,111,0.0,7.29252,-0.11279,0.17219216537827794,-0.4607088667699187,7.486921770246608,33.829,0.5888639467549321,48.54460144042969
session_2026-08-27_20-18-44,299,112,0.0,7.29256,-0.11,0.17906079319941665,-0.4734376994820418,7.521565729419846,33.859,0.5980224964621499,47.68478775024414
session_2026-08-27_20-18-44,302,113,0.0,7.29256,-0.1096,0.1796532870374774,-0.47532664593829715,7.5263791596461616,33.819,0.599567186081256,48.621917724609375
session_2026-08-27_20-18-44,305,114,0.0,7.29253,-0.11178,0.17271851025455448,-0.47551138836716517,7.513825177677488,33.824,0.5939987321428793,48.10348892211914
session_2026-08-27_20-18-44,308,115,0.0,7.29253,-0.11214,0.17953894813782081,-0.4752751123480964,7.528297178917414,33.859,0.5989774926109086,48.96464920043945
session_2026-08-27_20-18-44,311,116,0.0,7.29257,-0.10953,0.1786419557718303,-0.4796540443142061,7.523860667122302,33.866,0.595764728891517,49.2797966003418
session_2026-08-27_20-18-44,314,117,0.0,7.29257,-0.10899,0.18302767570670314,-0.4625743142097077,7.503004974037988,33.808,0.5937997818996028,47.76861572265625
session_2026-08-27_20-18-44,317,118,0.0,7.29255,-0.11034,0.17911835071762147,-0.4761726177977317,7.53245873102597,33.778,0.6023065098141429,47.556766510009766
session_2026-08-27_20-18-44,320,119,0.0,7.29257,-0.10922,0.17972354026403797,-0.4774340513208237,7.530118460717446,33.8,0.6006012250072368,49.31474304199219
session_2026-08-27_20-18-44,323,120,0.0,7.29255,-0.11053,0.17928866299875995,-0.4773087835628728,7.5274971524259735,33.8,0.5984252241234365,47.12980651855469
session_2026-08-27_20-18-44,326,121,0.0,7.29259,-0.10788,0.18080930467142597,-0.46361583291921693,7.513951530514582,33.823,0.601015622345688,49.23468780517578
session_2026-08-27_20-18-44,329,122,0.0,7.29257,-0.1093,0.1796166348305413,-0.4763949556310534,7.534688242306991,33.789,0.6039764333328018,49.3851203918457
session_2026-08-27_20-18-44,332,123,0.0,7.29251,-0.11326,0.17692527765062108,-0.4703106524580739,7.531079450001345,33.842,0.6043225381325644,48.670963287353516
session_2026-08-27_20-18-44,335,124,0.0,7.29257,-0.10945,0.17959408875706268,-0.4764205791113671,7.530976046577793,33.864,0.6016698812196903,48.429656982421875
session_2026-08-27_20-18-44,338,125,0.0,7.29252,-0.11227,0.17924412990764538,-0.4749700979452365,7.526369859020118,33.817,0.5981015672761042,48.539894104003906
session_2026-08-27_20-18-44,341,126,0.0,7.29256,-0.11007,0.18045038935601213,-0.4762868798825461,7.533272139982855,33.835,0.6022757462950448,50.186126708984375
session_2026-08-27_20-18-44,344,127,0.0,7.29259,-0.10767,0.17870425791796787,-0.4778231698109556,7.523439282018985,33.793,0.5980186374088398,49.503173828125
session_2026-08-27_20-18-44,347,128,0.0,7.29256,-0.11014,0.18236144949363806,-0.46544044513185967,7.519031041001576,33.812,0.6002875963990144,49.94692611694336
session_2026-08-27_20-18-44,350,129,0.0,7.29259,-0.10769,0.18006330620208688,-0.4756896570856765,7.5339316628710025,33.791,0.6049208781892537,47.168609619140625
session_2026-08-27_20-18-44,353,130,0.0,7.29256,-0.11024,0.18149810007288628,-0.46599789775393935,7.516505686025713,33.828,0.5988041553363761,48.56645965576172
session_2026-08-27_20-18-44,356,131,0.0,7.29256,-0.10965,0.17891942809973538,-0.4750026405543686,7.52184064938421,33.805,0.5974580738382929,48.13597869873047
session_2026-08-27_20-18-44,359,132,0.0,7.2925,-0.11367,0.1796819118678579,-0.4741296863684954,7.528760484346429,33.804,0.598860067575304,49.18312454223633
session_2026-08-27_20-18-44,362,133,0.0,7.29257,-0.10895,0.17978733047607653,-0.4745637268254145,7.534621947899583,33.817,0.605309513626807,48.10623550415039
session_2026-08-27_20-18-44,365,134,0.0,7.29258,-0.10857,0.17751467824652162,-0.4711061157380555,7.524688017069675,33.848,0.6031268085272233,48.42134094238281
session_2026-08-27_20-18-44,368,135,0.0,7.29259,-0.10825,0.1779184668561832,-0.47260214469531986,7.525621101869219,33.79,0.6027052663541324,48.620174407958984
session_2026-08-27_20-18-44,371,136,0.0,7.29257,-0.10928,0.1855228935366827,-0.4807309223443614,7.50780409609031,33.849,0.5827163490636686,48.6517333984375
session_2026-08-27_20-18-44,374,137,0.0,7.29257,-0.10904,0.17859131696119818,-0.4766588209665581,7.528460684816041,33.802,0.6007996259367082,48.21181869506836
session_2026-08-27_20-18-44,377,138,0.0,7.29255,-0.11041,0.17465481425397603,-0.4863968660366382,7.4768307818359,33.786,0.5663936882810999,49.01359176635742
session_2026-08-27_20-18-44,380,139,0.0,7.29249,-0.11473,0.17718821154248612,-0.4712421025432564,7.527246579874638,33.808,0.6003059041956813,47.538909912109375
session_2026-08-27_20-18-44,383,140,0.0,7.29259,-0.10812,0.17823308695587498,-0.477454152681427,7.534427025977404,33.787,0.6046042767849318,48.93220520019531
session_2026-08-27_20-18-44,386,141,0.0,7.29253,-0.1116,0.17874889844692876,-0.47509490587239067,7.531806678533052,33.744,0.6019163382003139,46.74057388305664
session_2026-08-27_20-18-44,389,142,0.0,7.29258,-0.10877,0.17952294569660782,-0.47449747944944587,7.532876062349734,33.775,0.6045693407806301,48.68818664550781
session_2026-08-27_20-18-44,392,143,0.0,7.29255,-0.1106,0.17984494059020484,-0.474324264431887,7.5250816441390045,33.753,0.5986738115841029,47.89527893066406
session_2026-08-27_20-18-44,395,144,0.0,7.29254,-0.1112,0.17880579675412742,-0.47486483689734243,7.52898586802298,33.826,0.6006624699900711,48.953346252441406
session_2026-08-27_20-18-44,398,145,0.0,7.29258,-0.10879,0.18049682816075946,-0.4756784206729516,7.539577399075903,33.813,0.6073043939248246,49.73721694946289
session_2026-08-27_20-18-44,401,146,0.0,7.29257,-0.10936,0.1794069215229317,-0.47648766254177294,7.528506658729251,33.822,0.6003269434580344,49.300025939941406
session_2026-08-27_20-18-44,404,147,0.0,7.2926,-0.1075,0.17976669008306667,-0.4749220184364066,7.529472574937829,33.802,0.6030743004964869,48.354915618896484
session_2026-08-27_20-18-44,407,148,0.0,7.29255,-0.11084,0.18001321903233086,-0.4614758971801601,7.501772965073065,33.873,0.5939482722947242,48.131065368652344
session_2026-08-27_20-18-44,410,149,0.0,7.29254,-0.11142,0.1776544412502796,-0.4776310150704563,7.525529180826797,33.839,0.5972084518581953,48.452903747558594
session_2026-08-27_20-18-44,413,150,0.0,7.29258,-0.10881,0.17964454134609725,-0.47438708609784475,7.523412225667352,33.799,0.5990276428002248,48.463478088378906
session_2026-08-27_20-18-44,416,151,0.0,7.29256,-0.11006,0.18007890857955997,-0.47520695657399414,7.537369805811535,33.776,0.6055972839231974,48.847084045410156
session_2026-08-27_20-18-44,419,152,0.0,7.2926,-0.10747,0.1850307080473531,-0.48367612316685826,7.5015774221012235,33.797,0.5787454232025855,48.54207229614258
session_2026-08-27_20-18-44,422,153,0.0,7.29258,-0.10853,0.17974548155695685,-0.47513049864577067,7.527987005454531,33.812,0.6013489765470763,47.972564697265625
session_2026-08-27_20-18-44,425,154,0.0,7.29257,-0.10927,0.17921231872044116,-0.47542494047092787,7.523228973103243,33.825,0.5981102068761588,48.46268081665039
session_2026-08-27_20-18-44,428,155,0.0,7.29257,-0.10912,0.17810451414063988,-0.47888415338553564,7.52307659709913,33.765,0.59636419464729,48.18309020996094
session_2026-08-27_20-18-44,431,156,0.0,7.29256,-0.11006,0.17456047686485512,-0.4864333850689076,7.487980332337091,33.788,0.5726491015124392,48.0809326171875
session_2026-08-27_20-18-44,434,157,0.0,7.29252,-0.11237,0.1795332577862355,-0.4743213025448988,7.530911659892964,33.804,0.6009851044589689,46.9452018737793
session_2026-08-27_20-18-44,437,158,0.0,7.29262,-0.10564,0.17950763357751426,-0.4754251103168203,7.530209767284827,33.835,0.6046170623342167,47.26329040527344
session_2026-08-27_20-18-44,440,159,0.0,7.29256,-0.1096,0.18193878215233547,-0.46447982311579966,7.514502842174333,33.823,0.5989627026938706,47.63444137573242
session_2026-08-27_20-18-44,443,160,0.0,7.29257,-0.10912,0.1794723376715858,-0.4747854238809782,7.52787143467745,33.813,0.6012204660338769,48.02754211425781
session_2026-08-27_20-18-44,446,161,0.0,7.29252,-0.11252,0.1794368603222079,-0.4743909332293537,7.529100790071799,33.775,0.5998131889033028,48.97850036621094
session_2026-08-27_20-18-44,449,162,0.0,7.29255,-0.11087,0.17945788097611698,-0.47575120861232095,7.527936192492769,33.889,0.5993864201240408,48.199913024902344
session_2026-08-27_20-18-44,452,163,0.0,7.29257,-0.10957,0.17963718916427682,-0.47477605586114013,7.519919985709942,33.835,0.5962141333397818,48.87168502807617
session_2026-08-27_20-18-44,455,164,0.0,7.29259,-0.10779,0.17914150662783865,-0.4731231120472196,7.522517538770286,33.807,0.6003192031365311,48.500526428222656
session_2026-08-27_20-18-44,458,165,0.0,7.29255,-0.11066,0.1797897551971904,-0.47591441800376755,7.530758957897956,33.813,0.6009306002542101,48.738399505615234
session_2026-08-27_20-18-44,458,166,0.0,7.2926,-0.10698,0.1797897551971904,-0.47591441800376755,7.530758957897956,33.823,0.6035334813282675,48.738399505615234
session_2026-08-27_20-18-44,464,167,0.0,7.29259,-0.10775,0.17850732376181142,-0.4738490230618199,7.522216887077522,33.798,0.5999893457042006,49.87453842163086
session_2026-08-27_20-18-44,467,168,0.0,7.29258,-0.10868,0.17961256624097205,-0.47525410798176276,7.5296537010635145,33.85,0.6021980101478049,49.2609977722168
session_2026-08-27_20-18-44,470,169,0.0,7.29256,-0.10961,0.17806148722110657,-0.4769759735727745,7.524969074363512,33.87,0.5984002400205172,48.769371032714844
session_2026-08-27_20-18-44,473,170,0.0,7.29259,-0.10793,0.17921886431944883,-0.47430288737718074,7.531941343817344,33.835,0.6048850076174849,47.909454345703125
session_2026-08-27_20-18-44,476,171,0.0,7.29256,-0.1101,0.17871983699203298,-0.476990879704546,7.531609692061009,33.818,0.6016217684518887,47.9288215637207
session_2026-08-27_20-18-44,479,172,0.0,7.29256,-0.1101,0.17952815041840808,-0.4744810330220927,7.5245123426832805,33.846,0.5987418539759479,48.68722152709961
session_2026-08-27_20-18-44,482,173,0.0,7.29254,-0.11101,0.17809375386446688,-0.47416877521539813,7.5192190016175156,33.833,0.595927880564655,47.963497161865234
session_2026-08-27_20-18-44,485,174,0.0,7.29257,-0.10953,0.1791705856219482,-0.4741211469307578,7.524681690868632,33.832,0.5996516274967875,48.588165283203125
session_2026-08-27_20-18-44,488,175,0.0,7.29262,-0.10598,0.1790871995644204,-0.4739699286694722,7.5209223843562025,33.816,0.6001519574440094,47.513084411621094
session_2026-08-27_20-18-44,491,176,0.0,7.29255,-0.11046,0.17286761923199678,-0.4860952307814284,7.47627082512583,33.812,0.5671751003703068,46.598392486572266
session_2026-08-27_20-18-44,494,177,0.0,7.29253,-0.11166,0.17939201316934048,-0.47545885691647144,7.523069479827779,33.806,0.5962175357222707,47.77378845214844
session_2026-08-27_20-18-44,497,178,0.0,7.29255,-0.11088,0.17768044106412687,-0.4758609329782751,7.521941715810645,33.834,0.5966597175938304,48.4158821105957
session_2026-08-27_20-18-44,500,179,0.0,7.29257,-0.10897,0.1783123809298366,-0.4752345239054394,7.518372300591886,33.824,0.5960792431458224,49.45343780517578
session_2026-08-27_20-18-44,503,180,0.0,7.29254,-0.11094,0.1791206471716862,-0.47495170763111755,7.524558142456566,33.807,0.5980569295487154,47.79534912109375
session_2026-08-27_20-18-44,506,181,0.0,7.29255,-0.11061,0.17950295707342698,-0.47516283469289944,7.526807158119074,33.831,0.5992786970600151,49.36153793334961
session_2026-08-27_20-18-44,509,182,0.0,7.29256,-0.11021,0.1793168455155554,-0.47520387365988176,7.527523025052741,33.788,0.6000387235442497,48.14921569824219
session_2026-08-27_20-18-44,512,183,0.0,7.29255,-0.11043,0.17920777206823388,-0.47422744328776517,7.5302116726762485,33.818,0.6021570525012356,49.35820007324219
session_2026-08-27_20-18-44,515,184,0.0,7.29261,-0.10631,0.18419574959911353,-0.4792450924208347,7.511970890238958,33.822,0.5888472977564921,48.72407913208008
session_2026-08-27_20-18-44,518,185,0.0,7.2926,-0.10718,0.17125252147133654,-0.4679012196308526,7.514668552325117,33.824,0.6035521020310505,49.634342193603516
session_2026-08-27_20-18-44,521,186,0.0,7.29259,-0.10824,0.17929632281791966,-0.47431878524255544,7.519375798561481,33.871,0.5973158553740903,48.75527572631836
session_2026-08-27_20-18-44,524,187,0.0,7.29256,-0.10986,0.17874499836139562,-0.47312024791716883,7.531840158408749,33.829,0.6044630454516857,50.06623458862305
session_2026-08-27_20-18-44,527,188,0.0,7.29254,-0.11137,0.16693258138407818,-0.4612651424948229,7.476659605619327,33.792,0.5868128675016641,48.332942962646484
session_2026-08-27_20-18-44,530,189,0.0,7.29261,-0.10624,0.17893838235215637,-0.4738218573893796,7.525783094514805,33.861,0.6029431103663643,47.635406494140625
session_2026-08-27_20-18-44,533,190,0.0,7.29254,-0.11098,0.17949988961501256,-0.4740067571058588,7.528549383626699,33.801,0.6008029373999044,49.02377700805664
session_2026-08-27_20-18-44,536,191,0.0,7.29258,-0.10876,0.1785877510869997,-0.47257254425092543,7.524003238330159,33.794,0.6011115367435312,47.610748291015625
session_2026-08-27_20-18-44,539,192,0.0,7.29258,-0.10872,0.17962881891630136,-0.4738473933174638,7.525152884275709,33.842,0.6004678447758487,49.12441635131836
session_2026-08-27_20-18-44,542,193,0.0,7.29258,-0.10882,0.17979332724112365,-0.4745688091674787,7.53001441775986,33.804,0.6026776412932168,48.08900451660156
session_2026-08-27_20-18-44,545,194,0.0,7.29255,-0.1106,0.1797242747565603,-0.47370627599584814,7.520509785485693,33.789,0.5964943090495731,47.674461364746094
session_2026-08-27_20-18-44,548,195,0.0,7.29256,-0.10981,0.17952659815456745,-0.47505786781176196,7.532134312618074,33.812,0.6030288750571176,48.81438064575195
session_2026-08-27_20-18-44,551,196,0.0,7.29258,-0.10844,0.17950743753509438,-0.47515046809650036,7.529978392272717,33.786,0.6026776987454038,48.843265533447266
session_2026-08-27_20-18-44,554,197,0.0,7.29258,-0.1089,0.17933301021952164,-0.47449038478978944,7.520759475995388,33.79,0.59750914977047,49.39447784423828
session_2026-08-27_20-18-44,557,198,0.0,7.29259,-0.10805,0.17955456491275867,-0.47578728693145045,7.532414697163383,33.829,0.6039417840469662,48.98410415649414
session_2026-08-27_20-18-44,560,199,0.0,7.29259,-0.10825,0.1866305774575347,-0.4830342547401023,7.498152266810554,33.778,0.5759338553260791,49.383941650390625
session_2026-08-27_20-18-44,563,200,0.0,7.29258,-0.10834,0.17894749637639315,-0.4863795241149407,7.488539061900721,33.819,0.5720360052802136,48.361114501953125
session_2026-08-27_20-18-44,566,201,0.0,7.29258,-0.10876,0.17871052315499578,-0.4744741700354182,7.522758325256246,33.809,0.5990681556986776,48.49174118041992
session_2026-08-27_20-18-44,569,202,0.0,7.29255,-0.11038,0.1792654614665647,-0.47569733266764685,7.522963555632954,33.812,0.5969645753671903,49.597137451171875
session_2026-08-27_20-18-44,572,203,0.0,7.29259,-0.10784,0.1788938999103339,-0.4753657367360541,7.530711014775223,33.806,0.6036769826334186,50.22174835205078
session_2026-08-27_20-18-44,575,204,0.0,7.29256,-0.11005,0.17910242562755363,-0.4743721025158712,7.524169135663925,33.814,0.5988516560595804,48.951168060302734
session_2026-08-27_20-18-44,578,205,0.0,7.29258,-0.10866,0.1840170884296753,-0.48146733622192717,7.516900212278987,33.815,0.5885939213934984,48.8248176574707
session_2026-08-27_20-18-44,581,206,0.0,7.29259,-0.10762,0.17895071457721634,-0.4744140100529915,7.526892344664743,33.782,0.6022059616771004,49.36808395385742
session_2026-08-27_20-18-44,584,207,0.0,7.29256,-0.10986,0.18418882528695216,-0.48356753656120777,7.499303178212369,33.794,0.5762339952126306,48.40840148925781
session_2026-08-27_20-18-44,587,208,0.0,7.29258,-0.10883,0.178814552727528,-0.4753209493357468,7.526589457464184,33.818,0.6006303438704614,49.610198974609375
session_2026-08-27_20-18-44,590,209,0.0,7.29256,-0.10963,0.17939881527638482,-0.47515308781258453,7.5260178252090455,33.801,0.5995698223494232,47.687042236328125
session_2026-08-27_20-18-44,593,210,0.0,7.29258,-0.10864,0.17878252034415873,-0.4765689203117137,7.524594688221426,33.824,0.5987940744033062,47.53169250488281
session_2026-08-27_20-18-44,596,211,0.0,7.29254,-0.11114,0.17893585603906484,-0.47541267271488924,7.523749944042162,33.814,0.5972266515798521,47.388877868652344
session_2026-08-27_20-18-44,599,212,0.0,7.29256,-0.10982,0.17855723632648934,-0.4751399871452589,7.52243114921031,33.781,0.5977579772947385,47.50700378417969
session_2026-08-27_20-18-44,602,213,0.0,7.29258,-0.10833,0.17879775625469407,-0.4772993393740304,7.520542448458082,33.814,0.5961772942903593,48.505496978759766
session_2026-08-27_20-18-44,605,214,0.0,7.29254,-0.11122,0.18001056033830518,-0.47460819124550035,7.524590557458877,33.804,0.5976825393527175,49.1120491027832
session_2026-08-27_20-18-44,608,215,0.0,7.29254,-0.11124,0.17960106983316143,-0.4761385233089314,7.529746727693164,33.791,0.5998678336672882,48.80921173095703
session_2026-08-27_20-18-44,611,216,0.0,7.29257,-0.10909,0.17933358491055387,-0.47503456762499996,7.532347230473342,33.793,0.6037687200705855,49.10667037963867
session_2026-08-27_20-18-44,614,217,0.0,7.29258,-0.10887,0.17960090516658583,-0.47540584877007136,7.528643585510777,33.81,0.6013755528859258,49.060577392578125
session_2026-08-27_20-18-44,617,218,0.0,7.29258,-0.10863,0.17929827147483393,-0.4760957286922794,7.52666927775347,33.807,0.6000792985527794,49.00440979003906
session_2026-08-27_20-18-44,620,219,0.0,7.29254,-0.1114,0.17953962470369622,-0.4752774228277292,7.525964179740313,33.8,0.5981338639446795,48.20326614379883
session_2026-08-27_20-18-44,623,220,0.0,7.29253,-0.11165,0.17056242281705475,-0.4823709147016312,7.491978633953396,33.811,0.5784347208929765,48.10173034667969
session_2026-08-27_20-18-44,626,221,0.0,7.29255,-0.11047,0.18017002969879356,-0.47488698108415683,7.536721813926793,33.793,0.6050921549526204,49.011810302734375
session_2026-08-27_20-18-44,629,222,0.0,7.29256,-0.10995,0.18164131336817552,-0.47012914885081736,7.5236134131213115,33.827,0.600236755579154,48.36326217651367
session_2026-08-27_20-18-44,632,223,0.0,7.2926,-0.10748,0.17950694334159428,-0.47555151082377206,7.525938923718412,33.822,0.6007305645352494,48.672176361083984
session_2026-08-27_20-18-44,635,224,0.0,7.29257,-0.10899,0.17819017120251016,-0.47562364292349346,7.5247455843313995,33.762,0.5995422037032025,48.95943832397461
session_2026-08-27_20-18-44,638,225,0.0,7.29259,-0.10776,0.17939663780152157,-0.47541528143912803,7.524984690948585,33.796,0.6001219039937092,49.407867431640625
session_2026-08-27_20-18-44,641,226,0.0,7.29259,-0.10789,0.17974051019966475,-0.474363505786001,7.5210323103164605,33.794,0.5982807951518603,48.322418212890625
session_2026-08-27_20-18-44,644,227,0.0,7.29258,-0.10826,0.1794377246380954,-0.4739350490349958,7.521577221438385,33.772,0.5987617119282482,48.82246017456055
session_2026-08-27_20-18-44,647,228,0.0,7.29255,-0.1104,0.17959134059782147,-0.47417923831197406,7.517575472115447,33.793,0.5946993553730876,48.016719818115234
session_2026-08-27_20-18-44,650,229,0.0,7.29256,-0.1101,0.1797055939652048,-0.4754051436892802,7.52838043789767,33.801,0.6003031862188032,49.01238250732422
session_2026-08-27_20-18-44,653,230,0.0,7.29253,-0.11162,0.17947524427856873,-0.474683422259751,7.530212798467044,33.851,0.600892397033349,48.787628173828125
session_2026-08-27_20-18-44,656,231,0.0,7.29256,-0.10996,0.17582394773535148,-0.4727809876071631,7.520456706482123,33.836,0.5993889390369407,49.098934173583984
session_2026-08-27_20-18-44,659,232,0.0,7.2925,-0.11408,0.1707785492659834,-0.48278575002139085,7.500947813716214,33.833,0.581268779694911,49.523162841796875
session_2026-08-27_20-18-44,662,233,0.0,7.29256,-0.11006,0.17829974478309932,-0.47721318500888327,7.526724660601127,33.782,0.598834000988764,48.8281364440918
session_2026-08-27_20-18-44,665,234,0.0,7.29256,-0.10967,0.17284930081676275,-0.4866336787669541,7.467176136168467,33.816,0.5626361904709846,49.339874267578125
session_2026-08-27_20-18-44,668,235,0.0,7.29256,-0.10965,0.17391340042280345,-0.4818267363814274,7.498950940793932,33.792,0.5823770323301027,49.84150314331055
session_2026-08-27_20-18-44,671,236,0.0,7.29256,-0.1101,0.17980292535365652,-0.47494095692435134,7.525122128860556,33.821,0.5986618880530202,49.290130615234375
session_2026-08-27_20-18-44,674,237,0.0,7.29261,-0.10687,0.1797833299935866,-0.4759120789568456,7.527081195762053,33.792,0.601459769949758,47.9406623840332
session_2026-08-27_20-18-44,677,238,0.0,7.29255,-0.11076,0.17956130562256273,-0.4762354962743209,7.532326580440486,33.828,0.6016806278137855,49.00088119506836
session_2026-08-27_20-18-44,680,239,0.0,7.2925,-0.11356,0.1720250109125903,-0.48666995104918637,7.478956279036046,33.773,0.5664286221707993,49.734893798828125
session_2026-08-27_20-18-44,683,240,0.0,7.29254,-0.11142,0.17949316679876234,-0.474337438559513,7.528171956734311,33.775,0.6000526309900377,48.27184295654297
session_2026-08-27_20-18-44,686,241,0.0,7.29256,-0.1096,0.17913060456569505,-0.4743839175270864,7.5232790631441775,33.799,0.5986372020445555,49.895751953125
session_2026-08-27_20-18-44,689,242,0.0,7.29259,-0.10786,0.17924172088995333,-0.47374140984101915,7.525416565645819,33.835,0.6014863342498477,48.6671142578125
session_2026-08-27_20-18-44,692,243,0.0,7.29253,-0.1116,0.17935784745489702,-0.47551565940926666,7.520244841079847,33.815,0.5946035446411986,49.0485954284668
session_2026-08-27_20-18-44,695,244,0.0,7.29259,-0.10816,0.17978990990362576,-0.474750272786858,7.530719558480815,33.839,0.6034404158587009,48.56049728393555
session_2026-08-27_20-18-44,698,245,0.0,7.29257,-0.10956,0.17869431899469976,-0.47750709148262804,7.519583479972032,33.777,0.5946585863716701,48.82505416870117
session_2026-08-27_20-18-44,701,246,0.0,7.29257,-0.10915,0.17945683800121287,-0.4755779171084259,7.533120482679402,33.798,0.6037668233245034,48.11277770996094
session_2026-08-27_20-18-44,704,247,0.0,7.29253,-0.1117,0.17327731554907358,-0.48365116125133983,7.492696910718822,33.811,0.5765691670900345,48.20284652709961
session_2026-08-27_20-18-44,707,248,0.0,7.29252,-0.11281,0.17063033492527846,-0.47356539170523093,7.5093563039959115,33.787,0.593063793663696,48.7646369934082
session_2026-08-27_20-18-44,710,249,0.0,7.29262,-0.1056,0.17818587230551805,-0.4776919171012939,7.528507668605311,33.848,0.6027689149213643,49.988677978515625
session_2026-08-27_20-18-44,713,250,0.0,7.29259,-0.10775,0.1789159747807722,-0.4776858175156578,7.5239225772326295,33.781,0.5982328114033686,49.31578826904297
session_2026-08-27_20-18-44,716,251,0.0,7.29256,-0.10978,0.1786520418691595,-0.4762272927328776,7.5302389033116945,33.836,0.6015758214521258,49.50788879394531
session_2026-08-27_20-18-44,719,252,0.0,7.29258,-0.1088,0.17891426840501276,-0.4753654712911963,7.531941229694664,33.742,0.603710208714395,49.69612121582031
session_2026-08-27_20-18-44,722,253,0.0,7.2926,-0.10698,0.17890524608094352,-0.47534167939967786,7.5237117644678895,33.795,0.6002195448671136,48.46944808959961
session_2026-08-27_20-18-44,725,254,0.0,7.29256,-0.11005,0.17977681924496378,-0.47479799556037594,7.527726119700314,33.749,0.600323595668721,48.37867736816406
session_2026-08-27_20-18-44,728,255,0.0,7.29257,-0.10908,0.17786288995896418,-0.4791950130824076,7.520032720814848,33.796,0.5945390250345214,48.87981414794922
session_2026-08-27_20-18-44,731,256,0.0,7.29254,-0.11132,0.17926613709756695,-0.47596308336219006,7.536531686913245,33.823,0.6040987353660441,49.616790771484375
session_2026-08-27_20-18-44,731,257,0.0,7.29256,-0.10962,0.17926613709756695,-0.47596308336219006,7.536531686913245,33.772,0.6052949792079156,49.616790771484375
session_2026-08-27_20-18-44,737,258,0.0,7.29257,-0.10894,0.17099741241222538,-0.4857610063670653,7.47719309176413,33.847,0.5699332416349964,48.822853088378906
session_2026-08-27_20-18-44,740,259,0.0,7.29259,-0.10777,0.17750408603810328,-0.4722258260636049,7.5276553995074185,33.824,0.6046751033568241,48.740447998046875
session_2026-08-27_20-18-44,743,260,0.0,7.29255,-0.11064,0.17864491820528905,-0.4736041107347399,7.52356629836904,33.804,0.598809991124725,47.95975112915039
session_2026-08-27_20-18-44,746,261,0.0,7.29262,-0.1062,0.1794249813470255,-0.473892707097886,7.5309301403081115,33.78,0.60569181974251,48.24382019042969
session_2026-08-27_20-18-44,749,262,0.0,7.29257,-0.10926,0.16980361411095893,-0.4680134647882737,7.505201426494299,33.787,0.5974288328622217,49.51112747192383
session_2026-08-27_20-18-44,752,263,0.0,7.29256,-0.10981,0.17833504388272686,-0.47328402094135213,7.535946868367222,33.83,0.6070044943817091,48.94401550292969
session_2026-08-27_20-18-44,755,264,0.0,7.29255,-0.11085,0.17878642070124012,-0.4797841251507113,7.525697338192452,33.734,0.5957538628994513,48.86161422729492
session_2026-08-27_20-18-44,758,265,0.0,7.2926,-0.10725,0.18026002405711822,-0.47510680275308625,7.540222176584601,33.82,0.6092588292450777,47.65751266479492
session_2026-08-27_20-18-44,761,266,0.0,7.29255,-0.11079,0.17006703339947593,-0.4686741760146959,7.50265129067386,33.817,0.5943520648082997,48.00655746459961
session_2026-08-27_20-18-44,764,267,0.0,7.29255,-0.11042,0.1863885463125313,-0.48257556722989825,7.509490357414889,33.818,0.5812164790420734,48.240509033203125
session_2026-08-27_20-18-44,767,268,0.0,7.2926,-0.10718,0.17912320953988486,-0.47482775817776157,7.525130610554876,33.794,0.6011373881669524,48.63435363769531
session_2026-08-27_20-18-44,770,269,0.0,7.29256,-0.10988,0.17923262658813527,-0.47401288401704567,7.519813626560712,33.79,0.5966350322394889,48.73789596557617
session_2026-08-27_20-18-44,773,270,0.0,7.29258,-0.10891,0.17054867819084846,-0.478236193652808,7.494078583475289,33.754,0.5843158919119423,49.332305908203125
session_2026-08-27_20-18-44,776,271,0.0,7.29262,-0.10589,0.17901344305413677,-0.47508912056906066,7.517776946828713,33.806,0.5976996526515044,48.64467239379883
session_2026-08-27_20-18-44,779,272,0.0,7.29256,-0.10992,0.17917821844797815,-0.4745470593955979,7.52114272792571,33.856,0.5970418026795905,47.84492874145508
session_2026-08-27_20-18-44,782,273,0.0,7.29261,-0.10687,0.17898248760799892,-0.47443892210861643,7.529976271842498,33.794,0.6045025047453673,49.12980270385742
session_2026-08-27_20-18-44,785,274,0.0,7.29258,-0.10861,0.17587680386035004,-0.48529910333014925,7.498256502617261,33.811,0.5794343784489769,49.387245178222656
session_2026-08-27_20-18-44,788,275,0.0,7.29257,-0.10952,0.17412616604010117,-0.4635307100548263,7.50377901367887,33.854,0.5974118446253316,50.33198928833008
session_2026-08-27_20-18-44,791,276,0.0,7.29257,-0.10902,0.17891153573053112,-0.47645974484696607,7.521424856664212,33.747,0.5967005974225478,51.317138671875
session_2026-08-27_20-18-44,794,277,0.0,7.29256,-0.10962,0.16844723354069582,-0.4678546217876196,7.493254330573107,33.784,0.5914640028528114,48.79407501220703
session_2026-08-27_20-18-44,797,278,0.0,7.29256,-0.10993,0.17484683731066422,-0.4731516472627395,7.531393293380711,33.822,0.6059670766615555,48.687255859375
session_2026-08-27_20-18-44,800,279,0.0,7.29255,-0.11079,0.17880881673062027,-0.4774072901653983,7.528133532940263,33.786,0.5987753645567399,48.584259033203125
session_2026-08-27_20-18-44,803,280,0.0,7.29258,-0.10857,0.17924798603940412,-0.4752527509887727,7.531193266514325,33.857,0.6033522159888709,48.715694427490234
session_2026-08-27_20-18-44,806,281,0.0,7.29258,-0.10825,0.17926729179062728,-0.47497021720278093,7.532414571959033,33.804,0.6044764616960558,47.88449478149414
session_2026-08-27_20-18-44,809,282,0.0,7.29254,-0.11142,0.16822884653882267,-0.46392506769114245,7.495651542192425,33.786,0.5942394555401486,48.812957763671875
session_2026-08-27_20-18-44,812,283,0.0,7.29253,-0.11188,0.17970563501081013,-0.4749215900031241,7.530455408253026,33.771,0.6005849233858972,47.88042449951172
session_2026-08-27_20-18-44,815,284,0.0,7.29262,-0.10575,0.18239828666161192,-0.4681535409743435,7.521364169977178,33.805,0.6029393844181166,48.011173248291016
session_2026-08-27_20-18-44,818,285,0.0,7.29259,-0.10776,0.17733287392587,-0.4716508990623517,7.526593067968179,33.802,0.6045289215678481,48.86252975463867
session_2026-08-27_20-18-44,821,286,0.0,7.29256,-0.11004,0.17874844852703825,-0.47406410526348564,7.518995233115784,33.823,0.5962453074657494,49.69956588745117
session_2026-08-27_20-18-44,824,287,0.0,7.2926,-0.10712,0.17894912760362763,-0.47636451675890323,7.5352897121541424,33.768,0.6062014210842824,49.8676872253418
session_2026-08-27_20-18-44,827,288,0.0,7.29259,-0.10762,0.176529512342041,-0.47162068413958097,7.522375803201992,33.845,0.6025968522940397,48.01649475097656
session_2026-08-27_20-18-44,830,289,0.0,7.29253,-0.1116,0.17872822853083578,-0.47600482848786013,7.530117051387606,33.842,0.6003335408921735,47.629539489746094
session_2026-08-27_20-18-44,833,290,0.0,7.29258,-0.10827,0.1786443450583584,-0.4763811191763355,7.529971440133587,33.879,0.6023879488680455,48.705322265625
session_2026-08-27_20-18-44,836,291,0.0,7.29257,-0.10922,0.17087793325864037,-0.4855409560085249,7.474151824000393,33.846,0.5683432627029019,49.15183639526367
session_2026-08-27_20-18-44,839,292,0.0,7.29256,-0.11015,0.1786882357581979,-0.47612847491823446,7.529484654961285,33.737,0.6009172623422481,49.881126403808594
session_2026-08-27_20-18-44,842,293,0.0,7.29256,-0.10983,0.1791729595046619,-0.47562453666641374,7.535587786317796,33.841,0.6048504389554921,47.99281311035156
session_2026-08-27_20-18-44,845,294,0.0,7.2926,-0.10745,0.17847747615354606,-0.47380761003187155,7.5290941134544545,33.799,0.6042309370415845,48.790313720703125
session_2026-08-27_20-18-44,848,295,0.0,7.29255,-0.11045,0.1748505565633575,-0.4841678914272114,7.500174107508355,33.804,0.5804582523933756,48.02058410644531
session_2026-08-27_20-18-44,851,296,0.0,7.29256,-0.11013,0.17931420401694173,-0.4757493341062584,7.53057178636258,33.786,0.6015252771152092,47.09443664550781
session_2026-08-27_20-18-44,854,297,0.0,7.2926,-0.10753,0.18056919824905782,-0.46273853685188765,7.5033437277610595,33.859,0.596095807087143,47.179508209228516
session_2026-08-27_20-18-44,857,298,0.0,7.29257,-0.10912,0.1791850924587987,-0.47427359375525624,7.5178040937664745,33.785,0.5958727316280701,46.57459259033203
session_2026-08-27_20-18-44,860,299,0.0,7.29258,-0.10883,0.17876432262122252,-0.486435299272113,7.48652096596581,33.805,0.5706358945685452,47.97458267211914
session_2026-08-27_20-18-44,863,300,0.0,7.29255,-0.11031,0.1762408988271693,-0.47010131339792993,7.524709477110122,33.828,0.6031737558177432,50.07762908935547
session_2026-08-27_20-18-44,866,301,0.0,7.29258,-0.10845,0.18431979972948365,-0.482430000676842,7.504578764327436,33.81,0.5809149385658008,48.48252487182617
session_2026-08-27_20-18-44,869,302,0.0,7.29258,-0.10865,0.17941610306497124,-0.47524173010086784,7.532991801629695,33.794,0.6042828239139849,49.91046142578125
session_2026-08-27_20-18-44,872,303,0.0,7.2926,-0.10748,0.17664422690012613,-0.4824124904418937,7.513520095954287,33.776,0.5903810940582132,48.896209716796875
session_2026-08-27_20-18-44,875,304,0.0,7.29255,-0.11039,0.17152211552059562,-0.4665262805557401,7.5079051100534215,33.767,0.5982793250405437,49.40647888183594
session_2026-08-27_20-18-44,878,305,0.0,7.29259,-0.10791,0.1788487929334237,-0.47504474867784074,7.528899472573401,33.803,0.6027990433083521,48.269317626953125
session_2026-08-27_20-18-44,881,306,0.0,7.29263,-0.10523,0.17956196785341672,-0.47536865163565284,7.534534665641734,33.817,0.6074603671223957,48.422603607177734
session_2026-08-27_20-18-44,884,307,0.0,7.29254,-0.11103,0.17928215309114262,-0.4749434664966412,7.5231146474511545,33.813,0.59708332353629,47.45887756347656
session_2026-08-27_20-18-44,887,308,0.0,7.29257,-0.10904,0.17890561982002778,-0.4757176285890619,7.526168562735463,33.814,0.5999339622003225,48.06843185424805
